{
    "providers": [
        {
            "type": "bitmap",
            "file": "vplib:crafting_tweaks/gui/buttons.png",
            "ascent": 13,
            "height": 256,
            "chars": [
                "\ue000"
            ]
        },

        {
            "type": "bitmap",
            "file": "vplib:custom_crafting/v1/gui/space_split.png",
            "ascent": -32768,
            "height": -10,
            "chars": [
                "\ue001"
            ]
        },
        {
            "type": "bitmap",
            "file": "vplib:custom_crafting/v1/gui/space_split.png",
            "ascent": -32768,
            "height": -130,
            "chars": [
                "\ue002"
            ]
        },
        {
            "type": "bitmap",
            "file": "vplib:custom_crafting/v1/gui/space_split.png",
            "ascent": -32768,
            "height": -34,
            "chars": [
                "\uE003"
            ]
        },
        {
            "type": "bitmap",
            "file": "vplib:custom_crafting/v1/gui/space_split.png",
            "ascent": -32768,
            "height": -6,
            "chars": [
                "\uE004"
            ]
        }
    ]
}